Unnamed: 0,Position,Country,City/Town,Year,PM2.5,Temporal coverage,PM10,Temporal coverage.1,Database version (year),Entity,Code,CO₂ emissions per capita
0,1,India,Kanpur,2016,173,>75%,319,,2018,India,IND,1.7504745
1,2,India,Faridabad,2016,172,>75%,316,,2018,India,IND,1.7504745
2,3,India,Gaya,2016,149,50% -< 75%,275,,2018,India,IND,1.7504745
3,4,India,Varanasi,2016,146,>75%,260,,2018,India,IND,1.7504745
4,5,India,Patna,2016,144,>75%,266,,2018,India,IND,1.7504745
5,6,India,Delhi,2016,143,>75%,292,,2018,India,IND,1.7504745
6,7,India,Lucknow,2016,138,>75%,255,,2018,India,IND,1.7504745
7,8,Cameroon,Bamenda,2012,132,,141,,2016,Cameroon,CMR,0.3655555
8,9,India,Agra,2016,131,>75%,194,,2018,India,IND,1.7504745
9,10,India,Gurgaon,2016,120,50% -< 75%,124,,2018,India,IND,1.7504745
10,11,India,Muzaffarpur,2016,120,>75%,221,,2018,India,IND,1.7504745
11,12,Pakistan,Peshawar,2010,111,,540,,2016,Pakistan,PAK,0.7403367
12,13,Pakistan,Rawalpindi,2010,107,,448,,2016,Pakistan,PAK,0.7403367
13,14,India,Jaipur,2016,105,50% -< 75%,193,,2018,India,IND,1.7504745
14,15,Uganda,Kampala,2013,104,,170,,2016,Uganda,UGA,0.10624911
15,16,India,Patiala,2016,101,,184,,2018,India,IND,1.7504745
16,17,India,Jodhpur,2016,98,>75%,180,,2018,India,IND,1.7504745
17,18,Bangladesh,Narayanganj,2015,94,>75%,205,>75%,2018,Bangladesh,BGD,0.48277447
18,19,China,Baoding,2016,93,,147,,2018,China,CHN,6.9428844
19,20,Qatar,Doha,2012,93,,168,,2016,Qatar,QAT,49.15157
20,21,Mongolia,Ulaanbaatar,2016,92,>75%,197,,2018,Mongolia,MNG,8.42837
21,22,China,Jinan,2014,90,,192,,2018,China,CHN,7.187588
22,23,China,Shijiazhuang,2015,89,,147,,2018,China,CHN,7.0609546
23,24,Pakistan,Karachi,2009,88,,290,,2016,Pakistan,PAK,0.76323503
24,25,China,Hengshui,2016,87,,143,,2018,China,CHN,6.9428844
25,26,China,Xingtai,2016,87,,186,,2018,China,CHN,6.9428844
26,27,China,Anyang,2016,86,,155,,2018,China,CHN,6.9428844
27,28,China,Liaocheng,2016,86,,151,,2018,China,CHN,6.9428844
28,29,China,Jiaozuo,2016,85,,142,,2018,China,CHN,6.9428844
29,30,Qatar,Al Wakrah,2012,85,,152,,2016,Qatar,QAT,49.15157
30,31,Bangladesh,Khulna,2015,84,50% -< 75%,94,>75%,2018,Bangladesh,BGD,0.48277447
31,32,China,Xinxiang,2016,84,,144,,2018,China,CHN,6.9428844
32,33,India,Nagpur,2016,84,,86,,2018,India,IND,1.7504745
33,34,China,Handan,2016,82,,175,,2018,China,CHN,6.9428844
34,35,China,Heze,2016,82,,143,,2018,China,CHN,6.9428844
35,36,China,Ji'ning,2015,82,,140,,2018,China,CHN,7.0609546
36,37,China,Xianyang,2016,82,,149,,2018,China,CHN,6.9428844
37,38,Bangladesh,Gazipur,2015,81,>75%,143,>75%,2018,Bangladesh,BGD,0.48277447
38,39,China,Dezhou,2016,81,,141,,2018,China,CHN,6.9428844
39,40,China,Zaozhuang,2016,81,,141,,2018,China,CHN,6.9428844
40,41,Bangladesh,Barisal,2015,80,>75%,113,>75%,2018,Bangladesh,BGD,0.48277447
41,42,China,Dongying,2015,79,,136,,2018,China,CHN,7.0609546
42,43,China,Luoyang,2016,79,,130,,2018,China,CHN,6.9428844
43,44,Kuwait,Al-Ahmadi,2015,79,>75%,138,>75%,2018,Kuwait,KWT,24.336504
44,45,China,Shouguang,2014,78,,117,,2016,China,CHN,7.187588
45,46,China,Zhengzhou,2016,78,,143,,2018,China,CHN,6.9428844
46,47,China,Luohe,2016,77,,130,,2018,China,CHN,6.9428844
47,48,China,Shangqiu,2016,77,,127,,2018,China,CHN,6.9428844
48,49,China,Weinan,2016,76,,139,,2018,China,CHN,6.9428844
49,50,China,Pingdingshan,2016,75,,125,,2018,China,CHN,6.9428844
50,51,Saudi Arabia,Yanbu,2017,75,>75%,116,>75%,2018,Saudi Arabia,SAU,20.936852
51,52,China,Linfen,2016,74,,158,,2018,China,CHN,6.9428844
52,53,China,Tangshan,2016,74,,127,,2018,China,CHN,6.9428844
53,54,China,Urumqi,2016,74,,115,,2018,China,CHN,6.9428844
54,55,India,Kolkata,2016,74,>75%,136,,2018,India,IND,1.7504745
55,56,China,Beijing,2016,73,,92,,2018,China,CHN,6.9428844
56,57,China,Hebi,2016,73,,128,,2018,China,CHN,6.9428844
57,58,China,Jinan,2016,73,,141,,2018,China,CHN,6.9428844
58,59,China,Laiwu,2016,73,,127,,2018,China,CHN,6.9428844
59,60,China,Zigong,2016,73,,99,,2018,China,CHN,6.9428844
60,61,Saudi Arabia,Riyadh,2016,73,,251,,2018,Saudi Arabia,SAU,20.873049
61,62,China,Anshan,2015,72,,115,,2018,China,CHN,7.0609546
62,63,China,Kaifeng,2016,72,,122,,2018,China,CHN,6.9428844
63,64,China,Xi'an,2016,71,,137,,2018,China,CHN,6.9428844
64,65,China,Binzhou,2016,70,,123,,2018,China,CHN,6.9428844
65,66,China,Yangquan,2014,70,,105,,2016,China,CHN,7.187588
66,67,China,Cangzhou,2016,69,,147,,2018,China,CHN,6.9428844
67,68,China,Puyang,2016,69,,137,,2018,China,CHN,6.9428844
68,69,China,Tianjin,2016,69,,103,,2018,China,CHN,6.9428844
69,70,China,Jiangyin,2014,68,,102,,2016,China,CHN,7.187588
70,71,China,Weinan,2014,68,,102,,2016,China,CHN,7.187588
71,72,China,Xuchang,2016,68,,122,,2018,China,CHN,6.9428844
72,73,China,Zhoukou,2016,68,,113,,2018,China,CHN,6.9428844
73,74,China,Zhumadian,2016,68,,120,,2018,China,CHN,6.9428844
74,75,Pakistan,Lahore,2010,68,,198,,2016,Pakistan,PAK,0.7403367
75,76,Chile,Comuna De Coyhaique,2016,67,,85,,2018,Chile,CHL,4.6121125
76,77,China,Changzhi,2014,67,,101,,2016,China,CHN,7.187588
77,78,Cameroon,Bafoussam,2012,67,,105,,2016,Cameroon,CMR,0.3655555
78,79,Bangladesh,Chittagong,2015,66,50% -< 75%,91,>75%,2018,Bangladesh,BGD,0.48277447
79,80,Bahrain,Hamad Town,2012,66,,318,,2016,Bahrain,BHR,22.364824
80,81,China,Langfang,2016,66,,112,,2018,China,CHN,6.9428844
81,82,China,Sanmenxia,2016,66,,127,,2018,China,CHN,6.9428844
82,83,China,Taiyuan,2016,66,,125,,2018,China,CHN,6.9428844
83,84,Iran,Hamedan,2013,66,,149,,2018,Iran,IRN,7.5856357
84,85,Pakistan,Islamabad,2011,66,,217,,2016,Pakistan,PAK,0.7336991
85,86,Bosnia and Herzegovina,Tuzla,2010,65,,106,,2016,Bosnia and Herzegovina,BIH,5.5478983
86,87,India,Ahmedabad,2015,65,50% -< 75%,120,,2018,India,IND,1.6805544
87,88,Bahrain,Ma'ameer,2012,64,,257,,2016,Bahrain,BHR,22.364824
88,89,Bosnia and Herzegovina,Lukavac,2016,64,>75%,84,,2018,Bosnia and Herzegovina,BIH,6.258016
89,90,Chile,Coyhaique,2014,64,,75,,2016,Chile,CHL,4.3431134
90,91,China,Jurong,2014,64,,97,,2016,China,CHN,7.187588
91,92,China,Luzhou,2016,64,,87,,2018,China,CHN,6.9428844
92,93,China,Xiangyang,2016,64,,93,,2018,China,CHN,6.9428844
93,94,India,Mumbai,2016,64,>75%,104,,2018,India,IND,1.7504745
94,95,Bahrain,Manama,2016,63,50% -< 75%,154,,2018,Bahrain,BHR,22.128733
95,96,China,Chengdu,2016,63,,105,,2018,China,CHN,6.9428844
96,97,China,Leshan,2016,63,,93,,2018,China,CHN,6.9428844
97,98,China,Nanyang,2016,63,,119,,2018,China,CHN,6.9428844
98,99,China,Tai'an,2016,63,,112,,2018,China,CHN,6.9428844
99,100,China,Xining,2014,63,,120,,2018,China,CHN,7.187588
100,101,China,Jincheng,2016,62,,111,,2018,China,CHN,6.9428844
101,102,China,Jinzhong,2016,62,,109,,2018,China,CHN,6.9428844
102,103,China,Yichang,2016,62,,97,,2018,China,CHN,6.9428844
103,104,Bangladesh,Sylhet,2015,61,>75%,111,>75%,2018,Bangladesh,BGD,0.48277447
104,105,Iran,Qods,2016,61,,140,,2018,Iran,IRN,7.6919622
105,106,China,Ezhou,2016,60,,100,,2018,China,CHN,6.9428844
106,107,China,Fuyang,2014,60,,90,,2016,China,CHN,7.187588
107,108,China,Jingzhou,2016,60,,100,,2018,China,CHN,6.9428844
108,109,China,Xuzhou,2016,60,,118,,2018,China,CHN,6.9428844
109,110,China,Zhangjiagang,2014,60,,91,,2016,China,CHN,7.187588
110,111,India,Chandrapur,2016,60,>75%,109,,2018,India,IND,1.7504745
111,112,South Africa,Hartebeespoort,2014,60,,119,,2016,South Africa,ZAF,8.663356
112,113,China,Baoji,2016,59,,111,,2018,China,CHN,6.9428844
113,114,China,Chuzhou,2016,59,,77,,2018,China,CHN,6.9428844
114,115,China,Tongchuan,2016,59,,104,,2018,China,CHN,6.9428844
115,116,Bahrain,Nabih Saleh,2012,58,,244,,2016,Bahrain,BHR,22.364824
116,117,China,Bozhou,2016,58,,83,,2018,China,CHN,6.9428844
117,118,China,Jingmen,2016,58,,99,,2018,China,CHN,6.9428844
118,119,China,Korla,2014,58,,87,,2016,China,CHN,7.187588
119,120,China,Lin'an,2014,58,,87,,2016,China,CHN,7.187588
120,121,China,Pingdu,2014,58,,88,,2016,China,CHN,7.187588
121,122,China,Wafangdian,2014,58,,88,,2016,China,CHN,7.187588
122,123,China,Xinyang,2016,58,,96,,2018,China,CHN,6.9428844
123,124,China,Yibin,2015,58,,82,,2018,China,CHN,7.0609546
124,125,China,Yiwu,2014,58,,88,,2016,China,CHN,7.187588
125,126,China,Zhuji,2014,58,,88,,2016,China,CHN,7.187588
126,127,Iran,Ahvaz,2016,58,,132,,2018,Iran,IRN,7.6919622
127,128,Saudi Arabia,Jubail,2016,58,>75%,129,>75%,2018,Saudi Arabia,SAU,20.873049
128,129,Bangladesh,Dhaka,2016,57,>75%,104,,2018,Bangladesh,BGD,0.5084272
129,130,China,Hefei,2016,57,,83,,2018,China,CHN,6.9428844
130,131,China,Huangshi,2016,57,,89,,2018,China,CHN,6.9428844
131,132,China,Maanshan,2014,57,,87,,2016,China,CHN,7.187588
132,133,China,Nanchong,2014,57,,86,,2016,China,CHN,7.187588
133,134,China,Wuhan,2016,57,,92,,2018,China,CHN,6.9428844
134,135,China,Changde,2016,56,,80,,2018,China,CHN,6.9428844
135,136,China,Dazhou,2016,56,,86,,2018,China,CHN,6.9428844
136,137,China,Huainan,2016,56,,85,,2018,China,CHN,6.9428844
137,138,China,Laixi,2014,56,,84,,2016,China,CHN,7.187588
138,139,China,Laizhou,2014,56,,84,,2016,China,CHN,7.187588
139,140,China,Linyi,2014,56,,84,,2016,China,CHN,7.187588
140,141,China,Suizhou,2016,56,,88,,2018,China,CHN,6.9428844
141,142,China,Suqian,2016,56,,120,,2018,China,CHN,6.9428844
142,143,China,Wujiang,2014,56,,85,,2016,China,CHN,7.187588
143,144,China,Xinzhou,2016,56,,103,,2018,China,CHN,6.9428844
144,145,Iran,Genaveh,2016,56,,129,,2018,Iran,IRN,7.6919622
145,146,Saudi Arabia,Dammam,2016,56,,161,,2018,Saudi Arabia,SAU,20.873049
146,147,China,Deyang,2016,55,,91,,2018,China,CHN,6.9428844
147,148,China,Jinzhou,2016,55,,81,,2018,China,CHN,6.9428844
148,149,China,Rizhao,2016,55,,101,,2018,China,CHN,6.9428844
149,150,China,Taian,2014,55,,83,,2016,China,CHN,7.187588
150,151,China,Yinchuan,2016,55,,117,,2018,China,CHN,6.9428844
151,152,Ghana,Accra,2016,55,,112,,2018,Ghana,GHA,0.4739508
152,153,India,Panchkula,2016,55,>75%,101,,2018,India,IND,1.7504745
153,154,Iran,Asaluyeh,2016,55,,126,,2018,Iran,IRN,7.6919622
154,155,China,Anqing,2016,54,,71,,2018,China,CHN,6.9428844
155,156,China,Chongqing,2016,54,,77,,2018,China,CHN,6.9428844
156,157,China,Jining,2014,54,,81,,2016,China,CHN,7.187588
157,158,China,Lanzhou,2016,54,,132,,2018,China,CHN,6.9428844
158,159,China,Neijiang,2016,54,,76,,2018,China,CHN,6.9428844
159,160,China,Shaoyang,2016,54,,77,,2018,China,CHN,6.9428844
160,161,China,Shenyang,2016,54,,94,,2018,China,CHN,6.9428844
161,162,China,Taicang,2014,54,,82,,2016,China,CHN,7.187588
162,163,China,Yixing,2014,54,,81,,2016,China,CHN,7.187588
163,164,China,Zhaoyuan,2014,54,,82,,2016,China,CHN,7.187588
164,165,China,Zibo,2014,54,,82,,2016,China,CHN,7.187588
165,166,China,Changsha,2016,53,,73,,2018,China,CHN,6.9428844
166,167,China,Huai'an,2016,53,,92,,2018,China,CHN,6.9428844
167,168,China,Wuhu,2016,53,,75,,2018,China,CHN,6.9428844
168,169,China,Wuxi,2016,53,,82,,2018,China,CHN,6.9428844
169,170,China,Harbin,2016,52,,74,,2018,China,CHN,6.9428844
170,171,China,Hengyang,2016,52,,76,,2018,China,CHN,6.9428844
171,172,China,Jiaonan,2014,52,,79,,2016,China,CHN,7.187588
172,173,China,Jiaozhou,2014,52,,79,,2016,China,CHN,7.187588
173,174,China,Liyang,2014,52,,78,,2016,China,CHN,7.187588
174,175,China,Haimen,2014,51,,77,,2016,China,CHN,7.187588
175,176,China,Huanggang,2016,51,,75,,2018,China,CHN,6.9428844
176,177,China,Jimo,2014,51,,77,,2016,China,CHN,7.187588
177,178,China,Shiyan,2016,51,,81,,2018,China,CHN,6.9428844
178,179,China,"Taizhou, Jiangsu",2016,51,,87,,2018,China,CHN,6.9428844
179,180,China,Tongling,2016,51,,78,,2018,China,CHN,6.9428844
180,181,China,Xiangtan,2016,51,,85,,2018,China,CHN,6.9428844
181,182,China,Xuancheng,2016,51,,68,,2018,China,CHN,6.9428844
182,183,China,Yangzhou,2016,51,,87,,2018,China,CHN,6.9428844
183,184,China,Zhuzhou,2016,51,,83,,2018,China,CHN,6.9428844
184,185,Kuwait,Saad Al-Abdullah,2016,51,50% -< 75%,63,>75%,2018,Kuwait,KWT,25.978886
185,186,China,Baishan,2016,50,,81,,2018,China,CHN,6.9428844
186,187,China,Jiujiang,2016,50,,74,,2018,China,CHN,6.9428844
187,188,China,Zhenjiang,2016,50,,80,,2018,China,CHN,6.9428844
188,189,India,Pune,2016,50,>75%,89,,2018,India,IND,1.7504745
189,190,Iran,Zabol,2016,50,,115,,2018,Iran,IRN,7.6919622
190,191,Chile,Padre Las Casas,2016,49,,64,,2018,Chile,CHL,4.6121125
191,192,China,Changshu,2014,49,,74,,2016,China,CHN,7.187588
192,193,China,Changzhou,2016,49,,81,,2018,China,CHN,6.9428844
193,194,China,Hangzhou,2016,49,,105,,2018,China,CHN,6.9428844
194,195,China,Ma'anshan,2016,49,,75,,2018,China,CHN,6.9428844
195,196,China,Mianyang,2016,49,,78,,2018,China,CHN,6.9428844
196,197,China,Weifang,2014,49,,73,,2016,China,CHN,7.187588
197,198,China,Xi'ning,2016,49,,113,,2018,China,CHN,6.9428844
198,199,China,Yueyang,2016,49,,72,,2018,China,CHN,6.9428844
199,200,China,Ziyang,2016,49,,95,,2018,China,CHN,6.9428844
200,201,Cameroon,Yaounde,2012,49,,65,,2016,Cameroon,CMR,0.3655555
201,202,India,Chennai,2016,49,>75%,80,,2018,India,IND,1.7504745
202,203,Nepal,Kathmandu,2013,49,,88,,2016,Nepal,NPL,0.22536574
203,204,China,Baicheng,2016,48,,75,,2018,China,CHN,6.9428844
204,205,China,Enshi,2016,48,,69,,2018,China,CHN,6.9428844
205,206,China,Jintan,2014,48,,72,,2016,China,CHN,7.187588
206,207,China,Nanjing,2016,48,,85,,2018,China,CHN,6.9428844
207,208,China,Rushan,2014,48,,72,,2016,China,CHN,7.187588
208,209,China,Tieling,2016,48,,83,,2018,China,CHN,6.9428844
209,210,China,Wuzhong,2016,48,,98,,2018,China,CHN,6.9428844
210,211,China,Xianning,2016,48,,77,,2018,China,CHN,6.9428844
211,212,China,Yan'an,2014,48,,73,,2016,China,CHN,7.187588
212,213,China,Zhangjiajie,2016,48,,72,,2018,China,CHN,6.9428844
213,214,Vietnam,Hanoi,2016,48,>75%,102,,2018,Vietnam,VNM,2.3513482
214,215,Bangladesh,Rajshahi,2015,47,>75%,86,50% -< 75%,2018,Bangladesh,BGD,0.48277447
215,216,China,Baotou,2016,47,,105,,2018,China,CHN,6.9428844
216,217,China,Guilin,2016,47,,64,,2018,China,CHN,6.9428844
217,218,China,Huludao,2016,47,,87,,2018,China,CHN,6.9428844
218,219,China,Huzhou,2016,47,,100,,2018,China,CHN,6.9428844
219,220,China,Liaoyang,2016,47,,83,,2018,China,CHN,6.9428844
220,221,China,Shizuishan,2016,47,,114,,2018,China,CHN,6.9428844
221,222,China,Zhangqiu,2014,47,,71,,2016,China,CHN,7.187588
222,223,China,Changchun,2016,46,,78,,2018,China,CHN,6.9428844
223,224,China,Guang'an,2016,46,,78,,2018,China,CHN,6.9428844
224,225,China,Haidong,2016,46,,114,,2018,China,CHN,6.9428844
225,226,China,Jinhua,2016,46,,98,,2018,China,CHN,6.9428844
226,227,China,Kunshan,2014,46,,69,,2016,China,CHN,7.187588
227,228,China,Lianyungang,2016,46,,87,,2018,China,CHN,6.9428844
228,229,China,Liaoyuan,2016,46,,63,,2018,China,CHN,6.9428844
229,230,China,Loudi,2016,46,,71,,2018,China,CHN,6.9428844
230,231,China,Lu'an,2016,46,,73,,2018,China,CHN,6.9428844
231,232,China,Nantong,2016,46,,70,,2018,China,CHN,6.9428844
232,233,China,Penglai,2014,46,,69,,2016,China,CHN,7.187588
233,234,China,Qinhuangdao,2016,46,,87,,2018,China,CHN,6.9428844
234,235,China,Siping,2016,46,,77,,2018,China,CHN,6.9428844
235,236,China,Suzhou,2016,46,,72,,2018,China,CHN,6.9428844
236,237,China,Wendeng,2014,46,,69,,2016,China,CHN,7.187588
237,238,China,Wuhai,2016,46,,111,,2018,China,CHN,6.9428844
238,239,India,Bangalore,2016,46,>75%,96,50% -< 75%,2018,India,IND,1.7504745
239,240,Iran,Baghershahr,2016,46,,105,,2018,Iran,IRN,7.6919622
240,241,Iran,Bushehr,2016,46,,105,,2018,Iran,IRN,7.6919622
241,242,Philippines,Quezon City,2016,46,,98,,2018,Philippines,PHL,1.1262923
242,243,China,Benxi,2016,45,,74,,2018,China,CHN,6.9428844
243,244,China,Daqing,2015,45,,62,,2018,China,CHN,7.0609546
244,245,China,Ganzhou,2016,45,,68,,2018,China,CHN,6.9428844
245,246,China,Huangnan,2016,45,,86,,2018,China,CHN,6.9428844
246,247,China,Qingdao,2016,45,,85,,2018,China,CHN,6.9428844
247,248,China,Shanghai,2016,45,,59,,2018,China,CHN,6.9428844
248,249,China,Shaoxing,2016,45,,68,,2018,China,CHN,6.9428844
249,250,China,Xiaogan,2016,45,,78,,2018,China,CHN,6.9428844
250,251,China,Yongzhou,2016,45,,70,,2018,China,CHN,6.9428844
251,252,Indonesia,Jakarta,2016,45,>75%,82,,2018,Indonesia,IDN,2.0707185
252,253,Philippines,Navotas,2016,45,,96,,2018,Philippines,PHL,1.1262923
253,254,Bahrain,Ras Hayan,2012,44,,250,,2016,Bahrain,BHR,22.364824
254,255,Chile,Osorno,2016,44,,56,,2018,Chile,CHL,4.6121125
255,256,China,Fushun,2016,44,,78,,2018,China,CHN,6.9428844
256,257,China,Jiaxing,2016,44,,94,,2018,China,CHN,6.9428844
257,258,China,Liuzhou,2016,44,,66,,2018,China,CHN,6.9428844
258,259,China,Suining,2016,44,,68,,2018,China,CHN,6.9428844
259,260,China,Xiangxi,2016,44,,78,,2018,China,CHN,6.9428844
260,261,China,Yingkou,2016,44,,73,,2018,China,CHN,6.9428844
261,262,China,Yiyang,2016,44,,82,,2018,China,CHN,6.9428844
262,263,China,Zunyi,2016,44,,69,,2018,China,CHN,6.9428844
263,264,India,Hyderabad,2016,44,>75%,84,,2018,India,IND,1.7504745
264,265,Iran,Dehloran,2016,44,,100,,2018,Iran,IRN,7.6919622
265,266,Iran,Mehran,2016,44,,102,,2018,Iran,IRN,7.6919622
266,267,China,Nanchang,2016,43,,92,,2018,China,CHN,6.9428844
267,268,China,Quzhou,2016,43,,92,,2018,China,CHN,6.9428844
268,269,China,Taizhou,2014,43,,71,,2018,China,CHN,7.187588
269,270,China,Yancheng,2016,43,,92,,2018,China,CHN,6.9428844
270,271,China,Dandong,2016,42,,71,,2018,China,CHN,6.9428844
271,272,China,Datong,2014,42,,63,,2016,China,CHN,7.187588
272,273,China,Huaihua,2016,42,,79,,2018,China,CHN,6.9428844
273,274,China,Jilin,2016,42,,69,,2018,China,CHN,6.9428844
274,275,China,Tianshui,2016,42,,80,,2018,China,CHN,6.9428844
275,276,China,Tonghua,2016,42,,76,,2018,China,CHN,6.9428844
276,277,China,Ya'an,2016,42,,68,,2018,China,CHN,6.9428844
277,278,Iran,Kangan,2016,42,,96,,2018,Iran,IRN,7.6919622
278,279,Vietnam,Ho Chi Minh City,2016,42,>75%,90,,2018,Vietnam,VNM,2.3513482
279,280,Bahrain,Hidd,2012,41,,178,,2016,Bahrain,BHR,22.364824
280,281,Chile,Valdivia,2016,41,,67,,2018,Chile,CHL,4.6121125
281,282,China,Chenzhou,2016,41,,70,,2018,China,CHN,6.9428844
282,283,China,Hohhot,2016,41,,88,,2018,China,CHN,6.9428844
283,284,China,Pingliang,2016,41,,80,,2018,China,CHN,6.9428844
284,285,China,Shangrao,2016,41,,70,,2018,China,CHN,6.9428844
285,286,China,Yingtan,2016,41,,59,,2018,China,CHN,6.9428844
286,287,Colombia,La Estrella,2014,41,,47,,2016,Colombia,COL,1.9766101
287,288,Guatemala,Guatemala City,2013,41,,56,,2016,Guatemala,GTM,0.81193084
288,289,Croatia,Slavonski Brod,2016,41,>75%,63,,2018,Croatia,HRV,4.370736
289,290,India,Navi Mumbai,2016,41,,67,,2018,India,IND,1.7504745
290,291,India,Udaipur,2016,41,,98,,2018,India,IND,1.7504745
291,292,South Africa,Johannesburg,2011,41,,85,,2016,South Africa,ZAF,8.949351
292,293,China,Chengde,2016,40,,81,,2018,China,CHN,6.9428844
293,294,China,Panjin,2016,40,,67,,2018,China,CHN,6.9428844
294,295,India,Guwahati,2016,40,,81,,2018,India,IND,1.7504745
295,296,North Macedonia,Skopje,2016,40,>75%,69,>75%,2018,North Macedonia,MKD,3.368327
296,297,China,Baiyin,2016,39,,95,,2018,China,CHN,6.9428844
297,298,China,Dalian,2016,39,,67,,2018,China,CHN,6.9428844
298,299,China,Jieyang,2016,39,,60,,2018,China,CHN,6.9428844
299,300,China,Liupanshui,2016,39,,68,,2018,China,CHN,6.9428844
300,301,China,Ningbo,2016,39,,62,,2018,China,CHN,6.9428844
301,302,China,Shangluo,2016,39,,72,,2018,China,CHN,6.9428844
302,303,China,Wuwei,2016,39,,97,,2018,China,CHN,6.9428844
303,304,China,Yantai,2016,39,,76,,2018,China,CHN,6.9428844
304,305,China,Zhaoyang,2016,39,,69,,2018,China,CHN,6.9428844
305,306,India,Solapur,2016,39,>75%,71,,2018,India,IND,1.7504745
306,307,Iran,Shahinshahr,2016,39,,89,,2018,Iran,IRN,7.6919622
307,308,Peru,Lima,2016,39,50% -< 75%,58,>75%,2018,Peru,PER,1.7072773
308,309,Turkey,Amasya,2016,39,>75%,57,>75%,2018,Turkey,TUR,4.9668326
309,310,China,Foshan,2016,38,,55,,2018,China,CHN,6.9428844
310,311,China,Gannan,2016,38,,70,,2018,China,CHN,6.9428844
311,312,China,Guigang,2016,38,,55,,2018,China,CHN,6.9428844
312,313,China,Rongcheng,2014,38,,57,,2016,China,CHN,7.187588
313,314,China,Wenzhou,2016,38,,81,,2018,China,CHN,6.9428844
314,315,China,Zhangye,2016,38,,90,,2018,China,CHN,6.9428844
315,316,India,Jabalpur,2016,38,,79,,2018,India,IND,1.7504745
316,317,Iran,Shahre Ghods,2016,38,,87,,2018,Iran,IRN,7.6919622
317,318,Iran,Shahryar,2016,38,,87,,2018,Iran,IRN,7.6919622
318,319,China,Chifeng,2016,37,,76,,2018,China,CHN,6.9428844
319,320,China,Guiyang,2016,37,,63,,2018,China,CHN,6.9428844
320,321,China,Guoluo,2016,37,,72,,2018,China,CHN,6.9428844
321,322,China,Mudanjiang,2016,37,,68,,2018,China,CHN,6.9428844
322,323,China,Qinzhou,2016,37,,79,,2018,China,CHN,6.9428844
323,324,China,Zhaoqing,2016,37,,55,,2018,China,CHN,6.9428844
324,325,Iran,Lavan Island,2016,37,,85,,2018,Iran,IRN,7.6919622
325,326,Iran,Sari,2012,37,,90,,2016,Iran,IRN,7.5503836
326,327,Madagascar,Antananarivo,2008,37,,60,,2016,Madagascar,MDG,0.085418634
327,328,China,Dingxi,2016,36,,75,,2018,China,CHN,6.9428844
328,329,China,Guangzhou,2016,36,,56,,2018,China,CHN,6.9428844
329,330,China,Nanning,2016,36,,62,,2018,China,CHN,6.9428844
330,331,China,Qingyuan,2016,36,,52,,2018,China,CHN,6.9428844
331,332,China,Qiqihar,2016,36,,61,,2018,China,CHN,6.9428844
332,333,China,"Taizhou, Zhejiang",2016,36,,77,,2018,China,CHN,6.9428844
333,334,Colombia,Medellin,2015,36,>75%,60,>75%,2018,Colombia,COL,1.9379755
334,335,Iran,Varamin,2016,36,,83,,2018,Iran,IRN,7.6919622
335,336,Iran,Yazd,2016,36,,83,,2018,Iran,IRN,7.6919622
336,337,Mexico,Monterrey,2011,36,,86,,2016,Mexico,MEX,4.1937428
337,338,Pakistan,Faisalabad,2013,36,>75%,148,>75%,2018,Pakistan,PAK,0.7020431
338,339,Chile,"El Bosque, Chile",2016,35,,67,,2018,Chile,CHL,4.6121125
339,340,Chile,Temuco,2016,35,,52,,2018,Chile,CHL,4.6121125
340,341,China,Dongguan,2016,35,,49,,2018,China,CHN,6.9428844
341,342,China,Songyuan,2016,35,,69,,2018,China,CHN,6.9428844
342,343,China,Weihai,2016,35,,63,,2018,China,CHN,6.9428844
343,344,Cuba,La Habana,2015,35,50% -< 75%,75,,2018,Cuba,CUB,2.5801377
344,345,Guatemala,Guatemala City,2014,35,,47,,2018,Guatemala,GTM,0.8560798
345,346,India,Thiruvananthapuram,2016,35,,48,,2018,India,IND,1.7504745
346,347,Iran,Ghom,2016,35,,81,,2018,Iran,IRN,7.6919622
347,348,China,Hechi,2016,34,,55,,2018,China,CHN,6.9428844
348,349,China,Jiangmen,2016,34,,55,,2018,China,CHN,6.9428844
349,350,China,Nantou,2014,34,,51,,2016,China,CHN,7.187588
350,351,China,Shuangyashan,2016,34,,55,,2018,China,CHN,6.9428844
351,352,China,Yunfu,2016,34,,51,,2018,China,CHN,6.9428844
352,353,India,Vizag,2016,34,,76,,2018,India,IND,1.7504745
353,354,Iran,"Ilam, Iran",2016,34,,79,,2018,Iran,IRN,7.6919622
354,355,Philippines,Malabon,2015,34,,73,,2018,Philippines,PHL,1.0544406
355,356,Philippines,Pasig,2016,34,,73,,2018,Philippines,PHL,1.1262923
356,357,South Africa,Vereeniging,2014,34,,58,,2016,South Africa,ZAF,8.663356
357,358,Chile,Cerro Navia,2016,33,,62,,2018,Chile,CHL,4.6121125
358,359,Chile,Los Ángeles,2016,33,,57,,2018,Chile,CHL,4.6121125
359,360,China,Chaozhou,2016,33,,51,,2018,China,CHN,6.9428844
360,361,China,Jiayuguan,2016,33,,98,,2018,China,CHN,6.9428844
361,362,China,Lishui,2016,33,,70,,2018,China,CHN,6.9428844
362,363,China,Shaoguan,2016,33,,51,,2018,China,CHN,6.9428844
363,364,China,Zhangzhou,2016,33,,65,,2018,China,CHN,6.9428844
364,365,Indonesia,Bandung,2014,33,,59,,2016,Indonesia,IDN,1.9238018
365,366,India,Tezpur,2016,33,,52,,2018,India,IND,1.7504745
366,367,Iran,Khorramabad,2016,33,,75,,2018,Iran,IRN,7.6919622
367,368,Iran,Pakdasht,2016,33,,75,,2018,Iran,IRN,7.6919622
368,369,Lebanon,Zahle,2014,33,,40,,2016,Lebanon,LBN,3.7800622
369,370,Mexico,Toluca,2011,33,,80,,2016,Mexico,MEX,4.1937428
370,371,Poland,Godów,2016,33,>75%,43,>75%,2018,Poland,POL,8.449371
371,372,Poland,Pleszew,2016,33,>75%,38,>75%,2018,Poland,POL,8.449371
372,373,Chile,Linares,2016,32,,65,,2018,Chile,CHL,4.6121125
373,374,Chile,Pudahuel,2016,32,,69,,2018,Chile,CHL,4.6121125
374,375,China,Changhua,2014,32,,48,,2016,China,CHN,7.187588
375,376,China,Haibei,2016,32,,76,,2018,China,CHN,6.9428844
376,377,China,Heyuan,2016,32,,46,,2018,China,CHN,6.9428844
377,378,China,Jinchang,2016,32,,104,,2018,China,CHN,6.9428844
378,379,Taiwan,Kinmen,2014,32,,48,,2016,Taiwan,TWN,11.799141
379,380,China,Panzhihua,2016,32,,65,,2018,China,CHN,6.9428844
380,381,China,Qujing,2014,32,,48,,2016,China,CHN,7.187588
381,382,China,Zhangjiakou,2016,32,,68,,2018,China,CHN,6.9428844
383,384,Iran,Abadan,2016,32,,74,,2018,Iran,IRN,7.6919622
384,385,Iran,Asadabad,2016,32,,73,,2018,Iran,IRN,7.6919622
385,386,Iran,Eslamshahr,2016,32,,73,,2018,Iran,IRN,7.6919622
386,387,Iran,Kermanshah,2016,32,,73,,2018,Iran,IRN,7.6919622
387,388,Iran,Savegbelagh,2016,32,,72,,2018,Iran,IRN,7.6919622
389,390,Lebanon,Beirut,2014,32,,41,,2016,Lebanon,LBN,3.7800622
390,391,Philippines,Caloocan,2015,32,,68,,2018,Philippines,PHL,1.0544406
391,392,Philippines,Pateros,2015,32,,68,,2018,Philippines,PHL,1.0544406
392,393,Poland,Gliwice,2016,32,>75%,46,>75%,2018,Poland,POL,8.449371
393,394,Turkey,Sakarya,2016,32,>75%,60,>75%,2018,Turkey,TUR,4.9668326
394,395,Chile,Cerrillos,2016,31,,66,,2018,Chile,CHL,4.6121125
395,396,China,Chiayi,2014,31,,46,,2016,China,CHN,7.187588
396,397,China,Hainan,2016,31,,69,,2018,China,CHN,6.9428844
397,398,China,Yanbian,2016,31,,49,,2018,China,CHN,6.9428844
398,399,China,Yangjiang,2016,31,,44,,2018,China,CHN,6.9428844
399,400,China,Yunlin,2014,31,,46,,2016,China,CHN,7.187588
400,401,Iran,Arak,2016,31,,71,,2018,Iran,IRN,7.6919622
401,402,Iran,Esfahan,2014,31,,72,,2018,Iran,IRN,7.9044347
402,403,Iran,Nazarabad,2016,31,,71,,2018,Iran,IRN,7.6919622
403,404,Philippines,Marikina,2016,31,,66,,2018,Philippines,PHL,1.1262923
404,405,Poland,Kraków,2016,31,>75%,42,>75%,2018,Poland,POL,8.449371
405,406,Poland,Nowy Sącz,2016,31,>75%,41,>75%,2018,Poland,POL,8.449371
406,407,Turkey,Edirne,2016,31,>75%,55,>75%,2018,Turkey,TUR,4.9668326
407,408,South Africa,Mpumalanga,2013,31,,61,,2016,South Africa,ZAF,8.343052
408,409,South Africa,Sebokeng,2014,31,,42,,2016,South Africa,ZAF,8.663356
409,410,Chile,Quilicura,2015,30,,89,,2018,Chile,CHL,4.5312576
410,411,China,Bijie,2016,30,,44,,2018,China,CHN,6.9428844
411,412,Taiwan,Kaohsiung,2014,30,,46,,2016,Taiwan,TWN,11.799141
412,413,China,Karamay,2016,30,,55,,2018,China,CHN,6.9428844
413,414,China,Maoming,2016,30,,47,,2018,China,CHN,6.9428844
414,415,China,Shantou,2016,30,,48,,2018,China,CHN,6.9428844
415,416,China,Yuxi,2014,30,,46,,2016,China,CHN,7.187588
416,417,China,Zhongshan,2016,30,,44,,2018,China,CHN,6.9428844
417,418,Colombia,Caldas,2015,30,>75%,69,>75%,2018,Colombia,COL,1.9379755
418,419,Costa Rica,Belén,2013,30,,31,,2016,Costa Rica,CRI,1.6079941
419,420,Croatia,Velika Gorica,2016,30,>75%,46,,2018,Croatia,HRV,4.370736
420,421,Iran,Isfahan,2016,30,,68,,2018,Iran,IRN,7.6919622
421,422,Iran,Karaj,2016,30,,68,,2018,Iran,IRN,7.6919622
422,423,Iran,Mashhad,2016,30,,69,,2018,Iran,IRN,7.6919622
423,424,Italy,Padova,2016,30,>75%,37,>75%,2018,Italy,ITA,5.9216995
424,425,Lebanon,Saida,2014,30,,37,,2016,Lebanon,LBN,3.7800622
425,426,Poland,Katowice,2016,30,>75%,41,>75%,2018,Poland,POL,8.449371
426,427,Turkey,Corum,2016,30,>75%,64,>75%,2018,Turkey,TUR,4.9668326
427,428,South Africa,Zamdela,2014,30,,56,,2016,South Africa,ZAF,8.663356
428,429,Bulgaria,Pernik,2014,29,>75%,44,>75%,2018,Bulgaria,BGR,6.253115
429,430,Bulgaria,Plovdiv,2015,29,>75%,41,>75%,2018,Bulgaria,BGR,6.7052627
430,431,Bosnia and Herzegovina,Gorazde,2016,29,>75%,39,>75%,2018,Bosnia and Herzegovina,BIH,6.258016
431,432,Chile,Independencia,2016,29,,62,,2018,Chile,CHL,4.6121125
432,433,Chile,La Florida,2016,29,,65,,2018,Chile,CHL,4.6121125
433,434,Chile,Santiago,2016,29,,67,,2018,Chile,CHL,4.6121125
434,435,China,Fangchenggang,2016,29,,45,,2018,China,CHN,6.9428844
435,436,China,Putian,2016,29,,43,,2018,China,CHN,6.9428844
436,437,Taiwan,Taichung,2014,29,,44,,2016,Taiwan,TWN,11.799141
437,438,Taiwan,Tainan,2014,29,,44,,2016,Taiwan,TWN,11.799141
438,439,Costa Rica,Heredia,2013,29,,47,,2016,Costa Rica,CRI,1.6079941
439,440,Iran,Najafabad,2016,29,,67,,2018,Iran,IRN,7.6919622
440,441,Iran,Yasuj,2016,29,,66,,2018,Iran,IRN,7.6919622
441,442,Israel,Gvar'am,2015,29,>75%,69,,2018,Israel,ISR,7.815259
442,443,Italy,Casirate d'Adda,2013,29,,37,,2016,Italy,ITA,6.0912943
443,444,Italy,Monza,2016,29,>75%,35,>75%,2018,Italy,ITA,5.9216995
444,445,Morocco,Meknes,2008,29,,47,,2016,Morocco,MAR,1.6253583
445,446,Philippines,Manila,2016,29,,118,,2018,Philippines,PHL,1.1262923
446,447,Poland,Bochnia,2016,29,>75%,35,>75%,2018,Poland,POL,8.449371
447,448,Poland,Piotrków Trybunalski,2016,29,>75%,38,>75%,2018,Poland,POL,8.449371
448,449,Poland,Żory,2016,29,>75%,42,>75%,2018,Poland,POL,8.449371
449,450,Chile,Curico,2016,28,,47,,2018,Chile,CHL,4.6121125
450,451,Chile,Rancagua,2016,28,,68,,2018,Chile,CHL,4.6121125
451,452,China,Eerduosi,2014,28,,42,,2016,China,CHN,7.187588
452,453,China,Guangyuan,2016,28,,70,,2018,China,CHN,6.9428844
453,454,China,Huangshan,2016,28,,45,,2018,China,CHN,6.9428844
454,455,China,Jixi,2016,28,,53,,2018,China,CHN,6.9428844
455,456,China,Kunming,2016,28,,55,,2018,China,CHN,6.9428844
456,457,China,Lincang,2016,28,,44,,2018,China,CHN,6.9428844
457,458,China,Meizhou,2016,28,,46,,2018,China,CHN,6.9428844
458,459,China,Qiandongnan,2016,28,,45,,2018,China,CHN,6.9428844
459,460,China,Quanzhou,2016,28,,48,,2018,China,CHN,6.9428844
460,461,China,Xiamen,2016,28,,47,,2018,China,CHN,6.9428844
461,462,Iran,Bojnord,2016,28,,64,,2018,Iran,IRN,7.6919622
462,463,Iran,Khomeyni Shahr,2016,28,,64,,2018,Iran,IRN,7.6919622
463,464,Iran,Mobarakeh,2016,28,,65,,2018,Iran,IRN,7.6919622
464,465,Iran,Robatkarim,2016,28,,63,,2018,Iran,IRN,7.6919622
465,466,Iran,Sanandaj,2016,28,,64,,2018,Iran,IRN,7.6919622
466,467,Iran,Tehran,2016,28,,72,,2018,Iran,IRN,7.6919622
467,468,Israel,Jerusalem,2015,28,>75%,66,>75%,2018,Israel,ISR,7.815259
468,469,Italy,Soresina,2016,28,>75%,39,>75%,2018,Italy,ITA,5.9216995
471,472,Poland,Bielsko-Biała,2016,28,>75%,36,>75%,2018,Poland,POL,8.449371
472,473,Poland,Tarnowskie Góry,2016,28,>75%,38,>75%,2018,Poland,POL,8.449371
473,474,Thailand,Bangkok,2015,28,,41,,2018,Thailand,THA,3.9282057
474,475,Bulgaria,Ruse,2015,27,>75%,41,>75%,2018,Bulgaria,BGR,6.7052627
475,476,Chile,Puerto Montt,2016,27,,55,,2018,Chile,CHL,4.6121125
476,477,China,Anshun,2016,27,,38,,2018,China,CHN,6.9428844
477,478,China,Fuzhou,2016,27,,50,,2018,China,CHN,6.9428844
478,479,China,Haixi,2016,27,,65,,2018,China,CHN,6.9428844
479,480,China,Huizhou,2016,27,,45,,2018,China,CHN,6.9428844
480,481,China,Ningde,2016,27,,46,,2018,China,CHN,6.9428844
481,482,China,Shenzhen,2016,27,,42,,2018,China,CHN,6.9428844
483,484,India,Aizawl,2016,27,,44,,2018,India,IND,1.7504745
484,485,Iran,Hamadan,2016,27,,61,,2018,Iran,IRN,7.6919622
485,486,Iran,Pol-e Dokhtar,2016,27,,62,,2018,Iran,IRN,7.6919622
486,487,Israel,Bnei Brak,2015,27,>75%,65,,2018,Israel,ISR,7.815259
487,488,Italy,Cassino,2016,27,>75%,35,>75%,2018,Italy,ITA,5.9216995
488,489,Italy,Dalmine,2016,27,>75%,31,>75%,2018,Italy,ITA,5.9216995
489,490,Italy,Milan,2016,27,>75%,36,>75%,2018,Italy,ITA,5.9216995
492,493,Poland,Chełm,2015,27,>75%,35,>75%,2018,Poland,POL,8.167728
493,494,Poland,Kalisz,2016,27,>75%,33,>75%,2018,Poland,POL,8.449371
494,495,Poland,Kędzierzyn-Koźle,2016,27,>75%,32,>75%,2018,Poland,POL,8.449371
495,496,Poland,Lublin,2016,27,>75%,31,>75%,2018,Poland,POL,8.449371
496,497,Poland,Siedlce,2016,27,>75%,29,>75%,2018,Poland,POL,8.449371
497,498,Poland,Trzebinia,2016,27,>75%,35,>75%,2018,Poland,POL,8.449371
498,499,El Salvador,San Salvador,2016,27,50% -< 75%,59,,2018,El Salvador,SLV,1.0598669
499,500,Turkey,Sivas,2016,27,>75%,56,>75%,2018,Turkey,TUR,4.9668326
